{"cameraMode":{"drawMode":0,"name":"Shaded","section":"Shading Mode"},"sceneLighting":true,"audioPlay":false,"sceneViewState":{"showFog":false,"showMaterialUpdate":false,"showSkybox":false,"showFlares":false,"showImageEffects":false,"showParticleSystems":false},"in2DMode":false,"pivot":{"x":-4.813072204589844,"y":33.06907653808594,"z":-73.92809295654297},"rotation":{"x":0.06125892698764801,"y":0.7309373617172241,"z":-0.066191665828228,"w":0.6764588356018066},"size":120.30830383300781,"orthographic":false}