{"cameraMode":{"drawMode":0,"name":"Shaded","section":"Shading Mode"},"sceneLighting":true,"audioPlay":false,"sceneViewState":{"showFog":false,"showMaterialUpdate":false,"showSkybox":false,"showFlares":false,"showImageEffects":false,"showParticleSystems":false},"in2DMode":false,"pivot":{"x":4.907225608825684,"y":1.5805339813232422,"z":3.561166763305664},"rotation":{"x":0.04107838124036789,"y":0.9551388025283814,"z":-0.2462388128042221,"w":0.15933935344219209},"size":12.003111839294434,"orthographic":false}