{"cameraMode":{"drawMode":0,"name":"Shaded","section":"Shading Mode"},"sceneLighting":true,"audioPlay":false,"sceneViewState":{"showFog":false,"showMaterialUpdate":false,"showSkybox":false,"showFlares":false,"showImageEffects":false,"showParticleSystems":false},"in2DMode":false,"pivot":{"x":-26.26572608947754,"y":243.74607849121095,"z":-170.7339630126953},"rotation":{"x":0.5091732740402222,"y":-0.014713400043547154,"z":0.008706186898052693,"w":0.8604942560195923},"size":6.482104301452637,"orthographic":false}