{"cameraMode":{"drawMode":0,"name":"Shaded","section":"Shading Mode"},"sceneLighting":false,"audioPlay":false,"sceneViewState":{"showFog":false,"showMaterialUpdate":false,"showSkybox":false,"showFlares":false,"showImageEffects":false,"showParticleSystems":false},"in2DMode":false,"pivot":{"x":-8.079999923706055,"y":1.4200000762939454,"z":-15.270000457763672},"rotation":{"x":0.10739850252866745,"y":-0.2217496633529663,"z":0.024576282128691675,"w":0.9688595533370972},"size":5.7157673835754398,"orthographic":false}