{"cameraMode":{"drawMode":0,"name":"Shaded","section":"Shading Mode"},"sceneLighting":true,"audioPlay":false,"sceneViewState":{"showFog":false,"showMaterialUpdate":false,"showSkybox":false,"showFlares":false,"showImageEffects":false,"showParticleSystems":false},"in2DMode":false,"pivot":{"x":-13.1510648727417,"y":6.230033874511719,"z":-14.455184936523438},"rotation":{"x":0.34974274039268496,"y":-0.008436714299023152,"z":0.0031497173476964237,"w":0.9368025064468384},"size":24.413476943969728,"orthographic":false}