{"cameraMode":{"drawMode":0,"name":"Shaded","section":"Shading Mode"},"sceneLighting":true,"audioPlay":false,"sceneViewState":{"showFog":false,"showMaterialUpdate":false,"showSkybox":false,"showFlares":false,"showImageEffects":false,"showParticleSystems":false},"in2DMode":false,"pivot":{"x":117.72566986083985,"y":-103.65839385986328,"z":105.37049102783203},"rotation":{"x":0.25238868594169619,"y":0.37625303864479067,"z":-0.10730206221342087,"w":0.8849971294403076},"size":246.6752471923828,"orthographic":false}