{"cameraMode":{"drawMode":0,"name":"Shaded","section":"Shading Mode"},"sceneLighting":true,"audioPlay":false,"sceneViewState":{"showFog":false,"showMaterialUpdate":false,"showSkybox":false,"showFlares":false,"showImageEffects":false,"showParticleSystems":false},"in2DMode":false,"pivot":{"x":-4.8236541748046879,"y":1.5805339813232422,"z":-3.425107955932617},"rotation":{"x":0.10739850252866745,"y":-0.2217496633529663,"z":0.024576282128691675,"w":0.9688595533370972},"size":4.430341720581055,"orthographic":false}