{"cameraMode":{"drawMode":0,"name":"Shaded","section":"Shading Mode"},"sceneLighting":true,"audioPlay":false,"sceneViewState":{"showFog":false,"showMaterialUpdate":false,"showSkybox":false,"showFlares":false,"showImageEffects":false,"showParticleSystems":false},"in2DMode":false,"pivot":{"x":40.82747268676758,"y":-20.10114288330078,"z":-18.73641586303711},"rotation":{"x":0.3561161160469055,"y":0.5117529630661011,"z":-0.2455112189054489,"w":0.7423034906387329},"size":143.84970092773438,"orthographic":false}