{"cameraMode":{"drawMode":0,"name":"Shaded","section":"Shading Mode"},"sceneLighting":true,"audioPlay":false,"sceneViewState":{"showFog":false,"showMaterialUpdate":false,"showSkybox":false,"showFlares":false,"showImageEffects":false,"showParticleSystems":false},"in2DMode":false,"pivot":{"x":-17.125349044799806,"y":-23.4930477142334,"z":68.81913757324219},"rotation":{"x":0.19406132400035859,"y":-0.010305692441761494,"z":0.00203879177570343,"w":0.9809331893920898},"size":116.99372863769531,"orthographic":false}